AB-Group,Communities,Group,Final-SNP,SNP-Verified
AB-003,"A,S,I",E1b-V12-BY8528,BY8536
AB-006,"A,K",E1b-M84-PF6748-BY11078,FGC32460
AB-002,"A,S,I",E1b-V22-CTS3116,None
AB-005,"A,S",E1b-M84-Y14891,Y14891
AB-001,"A,S",E1b-V22-BY7500,BY7517
AB-004,A,E1b-V12-BY8430,Y32552
AB-007,"A,S,I",E1b-Z841-Y6923,Y6923
AB-010,A,E1b-Z830-PF1975-Y36800,Y35934
AB-008,A,E1b-Z830-PF1952-a,PF1952
AB-011,A,E1b-V13-L241-BY77657,Y142743
AB-014,A,E1b-M81-A5604,Y161794
AB-015,"A,S",E1a-M44-Z17697,Z17697
AB-016,A,T-Y16897-BY11520,Y28685
AB-018,"A,S",T-P77-PF4074,FGC30190
AB-020,A,T-P77-Y31474-Z41760,Y91965
AB-017,A,T-CTS8862,CTS8489
AB-013,"A,S",E1b-V13-BT4282,BY4288
AB-027,A,J1-YSC76-FGC22294-ZS6484,ZS6485
AB-021,"A,S,I",T-L208-Z709-BY111898,Y125274
AB-022,"A,S,M,K,I,R,Y",J1-ZS227-S12192,Y3088
AB-037,A,J1-FGC11-ZS2102,ZS2102
AB-041,"A,S",J2a-M92-SK1344-Y207583,Y207583
AB-034,"A,I",J1-Z640-FGC5206,FGC5215
AB-028,"A,S,I",J1-YSC76-F450-ZS6955,ZS1670
AB-030,"A,S,I",J1-Z18297-ZS2606,ZS2597
AB-040,A,J2a-M92-L556,L556
AB-039,A,J1-PF7263-ZS10568,ZS10568
AB-033,"A,S,I,R",J1-L817-L816,L816
AB-036,"A,S",J1-Z18297-ZS4292,Y6384
AB-031,A,J1-YSC76-L823-a,ZS4763
AB-044,"A,S",J2a-L210-Y15223,Y15223
AB-046,A,J2a-L70-P244.2,P244
AB-045,A,J2a-L70-PF5456,FGC21085
AB-043,"A,K",J2a-M92-Z515-FGC75679,FGC75679
AB-050,"A,I",J2a-M410-Z43501,Z43501
AB-051,A,J2b-L283-Y33795,Y33795
AB-047,"A,S,J",J2a-L25-FGC4992,FGC4975
AB-042,A,J2a-M92-SK1344-FT253929,FT253929
AB-049,A,J2a-L25-Z38816,AM00119
AB-052,"A,S",J2b-M102-Z43000,Z42983
AB-061,A,G-U1-L1264,Z44224
AB-054,A,G-M342-Z18606,Z18606
AB-056,A,G-M377,Y12975
AB-053,"A,S",G-M342-GG362,GG362
AB-055,A,G-M342-L201,L201
AB-059,"A,S,I",G-L140-CTS5990-Z43085,FGC58712
AB-060,A,G-Z6552-Z6673,FGC1114
AB-057,A,G-L30-BY83406,BY108114
AB-058,"A,S",G-L140-CTS5990-FGC249,FGC228
AB-062,A,G-L140-Z30527?,None
AB-066,A,R1a-Z283-M12402,M12402
AB-065,"A,K",Q-L245-Y2200,Y2200
AB-070,"A,S,I",R1b-Z2103-FGC14595,Y11410
AB-063,A,L-M349-FGC36841,FGC36841
AB-068,A,R1a-Z93-Z2123,Y342186
AB-073,"A,S",R1b-Z2103-FGC36766,FGC36766
AB-071,A,R1b-PF7562-A11711,A11720
AB-067,A,R1a-Z93-M582,Y2619
AB-069,"A,S,I",R1b-V88-FGC21004,FGC21016
AB-072,"A,S",R1b-Z2103-Y19847,Y19847
AB-084,"A,S,I",R1b-U106-Ivanhoe,Y5051
AB-082,A,R1b-DF27-FGC46538,FGC46541
AB-079,A,R1b-U152-L408,Y22151
AB-078,A,R1b-L21-Z18106,BY326
AB-083,A,R2a-M124-L288,Y127102
AB-080,"A,S,I",R1b-Z2103-Z2108,Y104180
AB-081,"A,S",R1b-U152-Y86521,Y101215
AB-074,A,R1b-U152-BY187600,BY186940
AB-075,A,R1b-U152-L4-a,L4
AB-077,"A,S,I",R1b-DF27-FGC20761,V3476
AB-085,"A,S,M,J",R2a-F1092-FGC13211,FGC13184
AB-092,"A,S,I",T-Y3836,Y3833
AB-090,"A,J",I2-P37-PF6950,BY18705
AB-086,A,I1-Z140-Y12663,Y12663
AB-089,A,I2-P37-Y23115,Y23115
AB-088,A,I2-M223-P78-Y52940,Y52940
AB-087,A,I2-P215,Y86519
AB-093,A,T-P317,Y269895
AB-094,A,R1b-V1636-PF4354,BY90731
AB-091,"A,S,I",E1b-V12-FT284477-FT24270,Y29594
AB-095,A,E1b-M2-V1749-V2945,M4041
AB-096,S,E1b-V22-BY56101,L1250
AB-097,A,E1b-V13-Y142744,Y142744
AB-101,"A,S",R1b-DF27-A5376,S16864
AB-106,A,R1b-L11?-213128,None
AB-108,S,E1b-V22-BY67435,None
AB-107,"S,M",E1b-V22-FTB27637,None
AB-103,"A,S",R1b-V88-PF6325,None
AB-100,A,G-PF3146-FGC6713,Y171885
AB-109,S,E1b-V13-Z21371,PF6784
AB-110,M,E1b-M78-V1133-V4675,Y188009
AB-111,"S,R",E1b-Z841-Y4972,Y14802
AB-113,S,J1-Z640-FGC30554,FGC30554
AB-114,"A,S,I",J2a-M319-Y20891,Y23165
AB-115,S,J2a-L26-204156,None
AB-120,S,G-PF3146-FGC2263,None
AB-122,"S,I",G-U1-Z29424,Y134554
AB-124,S,G-P303-M278,M278
AB-121,S,G-Z6552-FTE64653,BY116538
AB-116,A,J2a-CTS900-Y11860,Y96522
AB-123,"S,M",G-U1-Z30718,FGC56982
AB-125,S,R1a-Z93-Y944-FTC87438,None
AB-127,S,G-Z6552-Z17775,Z39928
AB-126,R,Q-L53-L330-Y146631,L330
AB-128,S,E1b-M81-A,None
AB-130,S,R1a-Z93-Y15121,Y15121
AB-131,S,J2a-M319-N87830,None
AB-132,Y,E1b-M84-PF6748?-218311,None
AB-134,S,G-PF3146-FGC2315,Z12221
AB-135,M,J1-Z18297-ZS2566-ZS3736,Y23173
AB-133,"A,S",E1b-M84-PF6748-BY11025,BY11014
AB-136,S,J1-YSC76-ZS6056,ZS6056
AB-137,S,J2a-L25-FGC9961-Y213708,Y14696
AB-138,S,Q-L245-BZ3900,BZ3900
AB-139,M,R1b-Z2103-FTA79354,None
AB-140,S,E1b-V12-CTS8411,CTS9507
AB-143,S,G-L140-CTS5990-BY60982,None
AB-141,"S,I",E1b-V12-BY8508,BY8508
AB-144,A,E1b-M81?-M,None
AB-146,S,R1b-Z2103-Y19973,None
AB-145,A,R1b-L11?-192370,None
AB-147,A,R1b-DF27-BY16148,BY16148
AB-149,"A,S,I",R1b-Z2103-M12143,M12135
AB-148,S,R1b-DF27-BY33242,Y16854
AB-150,S,J1-Z18297-FGC27989,FGC20891
AB-152,R,R1b-P312-29295,None
AB-156,A,E1b-V13-CTS5856-FGC91367,None
AB-155,G,E1b-V22-FGC62854,FGC62855
AB-153,"A,S,J",J2b-L283-Z39653,Z39653
AB-159,S,E1b-M84-PF6748-FT240936,None
AB-160,A,E1b-Z841-BY55895,Z21466
AB-158,"S,K",E1b-M84-Y60961-S10483,Y60961
AB-163,"S,R",E1b-V13-S10743,None
AB-161,A,T-P77-Y31474-BY39967,Y31474
AB-162,"S,R",T-L208-Y142466,BY28296
AB-168,S,J2a-M92-SK1344-FT450620,BY22506
AB-171,S,J2a-M319-FTA87010,PH314
AB-170,S,J2a-L70-Z435-Z45223,Z2177
AB-174,A,R1a-Z93?-424726,None
AB-176,S,R1b-DF27-FT143445,BY27831
AB-177,S,R1b-DF27-Y31337,Y31337
AB-173,S,J2b-L283?-374521,None
AB-178,A,R1b-U152-A7982,BY32273
AB-179,S,R1b-DF27-Y36406,Y27962
AB-180,S,J1-L620-Y244958,ZS6637
AB-181,"S,I",T-Y16247-E,Y16247
AB-182,S,T-221510,None
AB-183,A,T-Y7459-157447,None
AB-184,S,T-Y4984-Y61099,None
AB-185,A,E1b-V13-FGC11444,None
AB-189,A,E1b-M81-BY205883,A2227
AB-186,S,E1b-M84?-209818,None
AB-192,A,E1b-M84?-90530,None
AB-191,"S,K",E1b-M84-FGC18401-M,FGC18401
AB-190,S,E1b-V12-FTC87379,CTS6667
AB-194,S,E1b-V13-FTC71867,None
AB-195,A,E1b-V65-N19276,None
AB-197,S,E1b-Z841-Z36120,None
AB-196,S,E1b-V13?-192783,None
AB-198,M,T-Y139982,Y139975
AB-202,S,G-L140-PF3346,None
AB-206,S,J2a-M67-FT12718,BY51876
AB-200,M,J1-YSC76-Y142210,Y142210,True
AB-209,S,J2a-L25-Z44158,FGC30343
AB-205,S,J2a-L210-L227,None
AB-207,S,J2a-L26-Y14434?-101347,None
AB-210,Y,J2b-183474,None
AB-212,S,Q-L245-YP745,Y87855
AB-211,S,J2a-BY111118,None
AB-213,S,Q-L245-Y2209,Y2209
AB-226,M,J1-FGC11-FGC3708-ZS3844,Y6369
AB-220,S,T-Y4984-Y61099,Y4984
AB-219,"S,I",J2a-M92-SK1344?,None
AB-228,S,J2a-CTS900-FTF8525,None
AB-224,A,E1b-M84-FGC18401-FGC18371,FGC18369
AB-222,S,T-CTS8603-529910,None
AB-218,S,J2a-CTS900-CTS5796,Y129179
AB-229,S,E1b-V22-BY177919,None
AB-230,S,R1b-DF27-Y14472,None
AB-231,S,G-U1-Z6759,None
AB-237,"A,S",E1b-V13-S24513,BY183690
AB-234,S,J2b-L283-Y22038,Y22038
AB-235,S,L-M349-BY20692,BY20692
AB-240,S,J2a-Y29673,None
AB-239,"A,S,I",J2a-L26-Z43986,Z43994
AB-233,S,G-L30-FTB22561,None
AB-238,S,J2a-CTS900-FT245300,Y22041
AB-232,S,G-L497-FT240048,Z31846
AB-241,S,J1-Z1828,Z1828
AB-236,"A,S",R1b-Z2103-Y84551,Y84551
AB-242,S,R1b-L21-FTC87474,None
AB-243,S,E1b-V65-FTA81329,None
AB-245,S,E1b-M81-CTS12227-FTF10997,CTS12227
AB-246,S,E1b-M81-CTS12227,None
AB-247,S,E1b-M81-FTF87328,None
AB-248,S,E1b-V13-FT333503,BY4518
AB-249,S,E1b-V12-BY8430,None
AB-250,S,E1b-CTS10880-FTF13720,None
AB-244,S,E1b-M84-FTB90247,None
AB-251,S,G-L497-FGC60020,CTS4803
AB-256,S,J1-YSC76-FGC8224-FT30333,Y204759
AB-253,S,J2a-L26-S15970,None
AB-261,S,R1b-DF27-BY53945,None
AB-262,S,R1b-U152-BY38827,None
AB-260,S,R1b-DF27-BY71846,None
AB-259,S,J2a-BY189268,None
AB-257,S,J2a-M67-FTC51220,None
AB-269,A,R1b-M269-M,None
AB-267,S,R1b-DF27-FT240956,FT240956
AB-270,"A,R",R1b-PF7562-FT107392,PF7563
AB-263,S,T-P77-FGC80980,None
AB-258,S,J2a-L26-FTD85966,None
AB-281,A,E1b-V13?-P,None
AB-273,S,R1b-DF27-SK1451,DF27
AB-274,S,J1-Z18297?-J,None
AB-284,S,E1b-V65-BY122991,None
AB-275,S,R2a-M124-FTC96253,None
AB-272,S,R1b-DF27?-T,None
AB-278,A,J1-YSC76-ZS6063,Y3441
AB-280,S,L-B,None
AB-285,S,E1b-V22-FT192512,None
AB-276,S,E1b-V13-L17-BY5219?,L17
AB-289,S,G-PF3146-BY67619,BY151073
AB-288,S,G-PF3146?-C,None
AB-291,,I2-M223-L699-Y166757,S12195
AB-296,S,J2a-L26-FTF8899,None
AB-304,S,R1b-U152-CTS278-Y132009,CTS278
AB-290,A,I2-K,None
AB-302,S,R1a-Z93?-M,None
AB-297,S,J2a-M92?-T,None
AB-294,S,J1-L817-Y214565,Y214565
AB-303,A,R1b-Z2103-FT209833,Y64508
AB-308,S,E1b-V12-FTF9810,None
AB-306,S,R1b-L21-BY142022,Y5833
AB-318,S,G-M342-FTF8537,None
AB-310,G,J2a-L26-PF5169-T,PF5169
AB-309,S,G-Z6552-CTS1048-G,None
AB-324,A,R1a-Z93?-M,None
AB-316,M,E1b-M84-S11387,S11387
AB-319,"S,R",J2b-L283-BY64362,BY100002
AB-315,S,R1b-L21-BY13693,BY13693
AB-321,S,J1-ZS2518-BY81256-Ca,YP4763
AB-325,A,R1a-Z283-Y2915-A,None
AB-322,"S,Y",G-L30-FTD25607,None
AB-331,"S,I",J1-Z640-CTS4510,CTS4510
AB-330,G,J2a-CTS900-Y27539,Y11200
AB-327,A,R1a-Z283-N,None
AB-335,S,I2-FTA59595,None
AB-328,A,R1a-Z283?-S,None
AB-336,S,E1b-FT266713,None
AB-340,S,G-L140-CTS5990-FGC7477,Z5856
AB-339,S,E1b-V12-FTC87569,None
AB-332,S,R1b-L21-Y125246,Y125246
AB-334,R,J2a-PF5060,None
AB-341,S,G-L140-CTS5990-FTF22782,None
AB-343,S,E1b-V13?-L,None
AB-345,"S,I",J1-PF4869-FT258271,FT121851
AB-349,,L-Y16366,Y16366
AB-346,S,J2a-L26-FGC57069,None
AB-354,S,J2a-L26-FTB64321,None
AB-350,S,J1-PF4869-L829,L829
AB-344,A,J1-FGC11-S10340,Y10887
AB-353,S,J2a-L26?-J,None
AB-352,S,J2a-M92-SK1344-BY194849,None
AB-355,S,J2b-L283-FTA38797,None
AB-360,A,R1a-Z283?-Mar,None
AB-356,S,R1b-DF27-ZZ12_1,DF27
AB-364,S,R1a-Z283?-Sa,None
AB-357,S,R1a-Z93?-G,None
AB-362,,E1b-M84-PF6748-Y130334,Y130334
AB-367,S,R1b-DF27-Z195-Z198-Co,None
AB-370,M,J1-YSC76-FTF9916,None
AB-361,S,G-L30-FT18827,F2214
AB-363,,R1b-Z2103?-Ma,None
AB-384,S,E1b-V65-HU159,None
AB-371,S,R1b-V1636-BY202451,None
AB-372,S,R1b-Al,None
AB-386,,J2a-L25-FGC53942,Y14700
AB-380,S,G-L30-FTA35613,None
AB-381,S,R1b-Z2103-FTE23830,None
AB-385,S,J1-YSC76-FT272954,None
AB-374,S,J1-Z1842-C,None
AB-377,A,E1b-Z841?-A,None
AB-375,A,G-U1-BY109806,BY109806
AB-392,R,R1a-Z283-M,None
AB-387,R,G-U1?-G,None
AB-391,S,R1b-DF27?-C,None
AB-393,R,R1b-U152-PF6652,None
AB-394,M,J1-FT96715,None
AB-399,,E1b-M84-B406,None
AB-398,"S,K",E1b-V22-BY60777,None
AB-388,,G-U1?-D,None
AB-395,S,G-L30-Z45580,Y128712
AB-396,,G-L30-BY62172,M3302
AB-401,S,J2a-L70-PF5456-M,PF5456
AB-402,S,J2a-dS,None
AB-404,,R1b-Z2103-FT183758,None
AB-403,S,J2a-B,None
AB-405,S,E1b-Z841-ZS8929.1,None
AB-406,"S,R",E1b-M84-FT419961-FT420540,Y82779
AB-411,,J2b-FTE90075,None
AB-408,R,J1-Z18297-ZS2566-FTA92262,None
AB-412,S,G-U1-Z39806,None
AB-413,,H-Y197055,M197
AB-415,,R1b-Z2103-BY45541,None
AB-417,S,J1-YSC76-ZS6745-ZS6730,ZS6730
AB-418,,J2a-L26-FT81719-FT189989,Z8090
AB-425,A,R1b-P312?-G,None
AB-422,S,J2b-L283?-B,None
AB-424,S,Q-L245-YP1237,BZ3048
AB-421,M,J2a-PF5169-BY172026,BY37605
AB-423,S,R1b-L21-BY23442,None
AB-419,S,E1b-V13-Z5016,None
AB-426,S,J2a-M92-SK1344-BY22477-C,None
AB-427,,J2a-L25-FTD38404,None
AB-428,S,I2-M223-L699-PAGES00076,None
AB-429,S,E1b-M84-FTF11144,None
AB-430,,J1-ZS2652-FTA7432,ZS2652
AB-431,S,J2a-M92?-Y,None
AB-434,,J1-FGC11-BY527,FT58245
AB-437,S,J2a-CTS900?-M,None
AB-432,"A,S",Q-L245-BZ15,BZ386
AB-436,S,J2a-L26-BY199403,None
AB-439,S,E1b-Z841-Y16298,None
AB-438,,G-L30-PF3369,None
AB-435,S,E1b-V22-BY7025,BY199237
AB-440,,J2a-BY132153,None
AB-441,S,L-R,None
AB-443,"M,I,Y",E1b-M84-PF6748-FTF9063,None
AB-442,S,E1b-PF2431-PF2440,None
AB-444,S,T-BY98240,None
AB-451,M,R1a-Z93?-N,None
AB-448,S,L-FT368561,None
AB-446,S,Q-FTA20324,None
AB-447,S,R1b-PH155-FTD20079,None
AB-452,,R1b-Z2103-BY11732,None
AB-455,S,J2a-M410-BY71602,PF4993
AB-456,,E1b-V12-FT243076,None
AB-457,S,E1b-V65?-E,None
AB-458,"A,S",J2a-M92-FGC63035,FGC63035
AB-459,S,J2a-L26-FGC15920,None
AB-461,S,J1-Z18297-FT280695,None
AB-463,R,J2a-M67-BY143339,None
AB-468,"S,Y",R1a-Z93-FTC87349,None
AB-464,S,G-PF3146-BY110600,None
AB-462,S,R1b-Z2103-B7,None
AB-467,S,J2a-FTC30107,None
AB-469,M,E1a-M44-BY184211,M44
AB-470,M,J2a-FT203952,Y25793
AB-471,S,T-FGC40313,None
AB-472,S,R1a-YP1272,None
AB-473,,R1b-Z2103-Y36455,None
AB-476,,E1b-V13-L17-BY5219,None
AB-474,S,T-P77-CTS6280,None
AB-482,A,T-L208-Y22559,Y22559
AB-481,,T-P77-FTE89318,None
AB-480,S,J2a-L70-M318-PH3064,Z39271
AB-484,S,E1b-M84-BY10862,None
AB-487,M,E1b-V12-FT264693,None
AB-490,S,E1b-M78-V1133-FTD42971,None
AB-493,M,G-U1-Z6414-BY47669,None
AB-494,S,G-L140-FTB28416,None
AB-495,M,G-L497-FT21948,None
AB-496,M,G-L140-BY66448,None
AB-498,S,R1a-Z93-Y944-B130,None
AB-497,S,G-U1-L1266-FTC87847,None
AB-499,,R1a-Z283?-E,None
AB-500,,R2a-FGC65158,None
AB-501,,J1-L620-Y244958-FTC72026,None
AB-502,S,J2a-M92-SK1344-BY22506,None
AB-503,,J2a-M319-Y5007-Y5177,None
AB-505,S,J2a-M67-Y144545,None
AB-506,,J2a-L70-FT100592,None
AB-507,,J2a-L25-Z7700,F3133
AB-508,,R1b-L21-DF41-S,None
AB-509,S,R1b-DF27-FT62809,Y58993
AB-512,S,R1b-DF27-BY106001,None
AB-510,A,R1b-P312?-K,None
AB-513,S,R1b-U152?-N,None
AB-514,,R1b-Z2103-Y168245,Y168245
AB-517,S,E1b-V12-BY184316,None
AB-515,,R1b-Z2103-FT246341,None
AB-518,S,J2a-M319-PH32,None
AB-519,S,J1-Z640-Z2285,FGC64266
AB-525,,R1a-Z93-FT40939,None
AB-523,S,G-PF3146-BY110600,None
AB-527,S,E1b-V65-BY8823-PF2282,BY8823
AB-521,S,J2a-L26-FT224435,FGC15923
AB-530,M,J1-Z1828-ZS10891,None
AB-528,S,E1b-M81-MZ244,MZ244
AB-529,S,E1b-BY36852,None
AB-526,Y,E1b-M84-BY163402,None
AB-531,,J2a-M319-S18579,None
AB-532,,J2a-L26-FT224435,None
AB-533,"S,Y",R1b-DF27-Y23968,Y23968
AB-540,S,J2a-PF5169-FT173878,None
AB-536,S,R1b-V1636-BY184844,None
AB-535,S,R1b-Z2103?-P,None
AB-542,S,J2a-L24-FT74299,FGC30299
AB-537,A,E1b-M84-PF6748-BY188881,Y83770
AB-534,M,R1b-Z2103-Y84551,None
AB-539,M,J1-Z18297-ZS11565,None
AB-543,M,T-P77-Y23857,None
AB-545,S,E1b-M81-A2227,None
AB-544,S,E1b-M84-BY181763,None
AB-549,S,J2a-M319-FT96382,Y20889
AB-557,A,R1b-U106-FT26429,None
AB-552,S,J2a-M319-BY74998,None
AB-553,S,J2b-L283-Z597-FT107678,Z597
AB-547,M,E1b-M84?-K,None
AB-556,S,T-P77-BY88022,FT64181
AB-546,S,E1b-V13-A9479,None
AB-561,S,E1b-M84-FGC18401-DC783,Y141288
AB-559,Y,J1-FGC11-FT345374,None
AB-548,S,E1b-V22-FT197517,BY6865
AB-573,S,J2a-M319-FTF10690,None
AB-567,S,R1a-Z283-BY57280,None
AB-572,S,J2a-L70-Z435-FT91593,None
AB-565,S,G-L140-FT159310,None
AB-566,R,T-P77-FT97356,None
AB-564,M,E1b-M84?-S,None
AB-571,S,J2a-L25-FGC35489,None
AB-568,M,J1-Z1828-FTA82947,None
AB-569,S,J2a-L26-Y31951,None
AB-570,S,J2a-L25-FT391524,Y197827
AB-577,M,E1b-M84-BY11043,None
AB-585,S,R1b-DF27-FTF8622,None
AB-576,S,J2a-L70-PF5456-FTF8849,None
AB-583,R,R1b-PF7562-FT61494,None
AB-592,S,J2a-L26-BY32946,None
AB-593,S,E1b-V12-CTS6667-E,None
AB-591,S,J2a-L25-FTE23445,None
AB-587,,E1b-M84?-K,None
AB-581,S,J2a-L25-Z41082,None
AB-594,S,J1-FGC11-BY136-Y85275,None
AB-605,M,T-P77-CTS6507-H,None
AB-604,M,T-P77-CTS6901,None
AB-606,R,E1b-M84-FT419961-FTB50779,None
AB-599,S,R1b-Z2103-FTF75955,None
AB-596,R,J2a-FT65301,None
AB-607,S,E1b-V13-FT276573,None
AB-602,R,E1b-V22-FT178335,None
AB-600,S,R1b-PF7589-CTS5940,None
AB-603,S,T-P77-Y4958-Y297448,None
AB-595,R,J1-Z1874,None
AB-623,S,E1b-V65-BY8789,None
AB-611,S,R1b-Z2103-FTE87643,None
AB-618,S,L-FT147200,None
AB-615,S,J2a-L26-FT391661,PF5197
AB-614,M,T-Z19935,None
AB-622,S,E1b-BY141719,None
AB-621,S,R1b-DF27-BY834,None
AB-612,S,R1b-DF27-BY30359,None
AB-619,"M,Y",T-A,None
AB-609,,J2a-L26-FT69412,None
AB-627,A,N-L1027,L1027
AB-624,S,E1b-M84-BY10890,None
AB-633,,J2b-M102-PH563,None
AB-628,S,R1b-DF27-C133904,None
AB-634,,E1b-Z841-FTA3971,None
AB-630,S,E1b-V13-FTD34485,None
AB-626,Y,J1-FGC11-FT61401,FT61401
AB-632,S,E1b-SK863,None
AB-625,S,J1-D,None
AB-629,S,J2a-L26-Y197867,None
AB-636,Y,J1-BY38068,None
AB-635,,E1b-MF83228-N,None
AB-643,M,R1a-Z93-FT451084-T,None
AB-637,S,J2a-L25-FT238962,Z43321
AB-646,M,J2a-M319-Y5007-FT200571,Y5178
AB-648,S,H-Z44607,None
AB-647,M,J2a-PF5169-FT173878-M,None
AB-645,,E1b-V13-Z16242,None
AB-640,,J2a-L26-PF7421-Y31951,None
AB-638,S,T-P,None
AB-649,Y,Q-BZ4505,Y37884
AB-650,,J1-FGC11-FTC93568,None
AB-651,J,J2b-M205-Y263419,None
AB-663,S,I2-P37-BY16213,None
AB-657,M,E1b-V13-FT308769,None
AB-652,S,J1-FGC11-FGC19545,Y6370
AB-666,M,T-FGC40334,None
AB-658,S,E1b-V13-FT115151,None
AB-656,S,J2a-L26-PF7415,PF7415
AB-665,S,T-BY56427,None
AB-667,R,J2a-M92-FT213968,None
AB-668,S,J2a-L26-FTC20007,None
AB-669,M,J1-YSC76-Z27226,Z27216
AB-677,S,J2a-L26-FT286033,None
AB-670,S,E1b-CTS10880-FT18871,None
AB-680,S,T-P77-FGC48930,None
AB-672,R,J2a-L26-PH4970,None
AB-674,S,L-M349-BY106634,None
AB-671,A,R1b-U152-BY32257-sub,BY32273
AB-681,R,E1b-V13-FT352099,None
AB-682,S,R1b-U106-Y15893,None
AB-678,S,J2a-M319-Y5007-FGC17726,Y5178
AB-684,A,J2a-L26?-Z6057questionmark-D,None
AB-685,S,J2a-CTS900-Y25842,None
AB-686,S,J2a-M319-Y5007-Y69687,None
AB-688,S,E1b-PF2431-BY9838,None
AB-695,,G-U1-Z6414,None
AB-687,S,G-L140-PF3345,None
AB-690,S,T-FTC15458,None
AB-691,S,J2a-M92-SK1344-Z36894,None
AB-694,,J2a-L25-FTD74269,None
AB-693,Y,J2a-M67-FT213749,None
AB-696,,E1b-V12-F25608,None
AB-698,S,R1b-Z2103-FTC19846,None
AB-700,S,R1b-PF7562-FTE55255,None
AB-701,S,E1b-M81?-A,None
AB-702,Y,E1b-V12-V32-BY97405,None
AB-703,M,J2a-L26?-Z,None
AB-708,S,R1b-A8053-FT19913,FGC57291
AB-707,S,E1b-M81-Y23468,None
AB-706,,R1b-P312?-S,None
AB-710,S,H-Z41306,None
AB-709,S,I2-M223-P78-A427,None
AB-711,S,I2-M223-CTS6433-PH5288,None
AB-712,S,G-L30-FTB62856-T,None
AB-714,S,J2a-L25-BY57138,Y151116
AB-716,S,G-U1-L1266-B,None
AB-718,S,J1-PF7263-BY38105,BY45309
AB-717,S,R1b-PF7589-Y40119,None
AB-719,S,R1b-DF27-ZZ12_1-FGC78762,None
AB-722,S,T-P77-CTS6507-HU354,None
AB-723,,E1b-M84-FT278388,None
AB-720,S,R1b-Z2103-FTA70356,None
AB-725,S,Q-L245-BZ246,None
AB-724,S,G-PF3146-Y240466,None
AB-726,S,R1b-U106-FTE23324-B,None
AB-727,S,E1b-V13-BY3880,None
AB-733,J,G-L140-FTC88333,None
AB-729,,R1b-DF27-BY71481,None
AB-737,A,R1b-U152-BY62355-sub,None
AB-734,J,H-Z5889,None
AB-735,A,R1a-Z283-P278-S,None
AB-739,S,G-L140-CTS5990-Z3292,Y65
AB-736,Y,G-L30-FT56736,M3302
AB-738,R,J2b-L283-BY101837,None
AB-740,S,J2a-M92-SK1344-FTB97281,None
AB-741,S,J2a-BY74709,None
AB-742,M,J2a-L26-FT178188,None
AB-743,S,E1b-M81-BY193345,None
AB-744,S,J1-Z640-FGC62623,None
AB-745,S,J1-Z1828-L1189-ZS5318,None
AB-747,S,E1b-M81-FTB34423,None
AB-748,Y,E1b-V12-BY8513-S,None
AB-749,S,E1b-V13-BY6056-I,None
AB-746,S,J2a-L70-Z435-Y416681,None
AB-750,S,E1b-M81-Y141522,None
AB-751,S,J2a-L26-PF7421-Y31951,None
AB-752,Y,E1b-CTS10880-V6-C,None
AB-754,S,R1b-PF7562-BY16680-P,None
AB-757,S,T-FGC41015,None
AB-755,S,R1b-DF27-Y26643,None
AB-766,S,J1-YSC76-FTD41224,None
AB-758,S,J1-Z18297-ZS3758,None
AB-759,M,R1a-Z93-FTA78948,None
AB-762,S,G-L140-Y29434,None
AB-764,J,R1a-Y5-V4683,None
AB-763,,J1-YSC76-FT104442,None
AB-767,S,J2a-M67-CTS6804-BY50894,None
AB-768,S,N-FT148259,None
AB-769,S,J2a-L70-Z435-Z46113,None
AB-770,S,E1b-V13-FTB34355,None
AB-771,S,E1b-Z841-FTA4830,None
AB-773,M,T-FTD8798,None
AB-777,,J2b-M102-Z43618,None
AB-774,S,G-L30-M3336,None
AB-772,"S,Y",R1b-Z2103-FT280556,None
AB-775,,J2a-L26-FT81719-BY188143,None
AB-776,,J2a-L25-FTA1412,None
AB-779,,R1b-Z2103-FGC36747,None
AB-780,,E1b-V22-FT407404,None
AB-781,,E1b-V22-BY6800,None
AB-784,K,J2a-CTS900-H,None
AB-789,,J1-FGC11-FTE12635-S,None
AB-783,K,G-L140-S10654,None
AB-787,S,J2b-L283-FT103684,None
AB-790,J,C-PH407-BY19776?-Y,None
AB-785,,E1b-Z841-FT209004,None
AB-792,J,G-P303-SK1163,None
AB-791,J,C-PH407-BY19776?-A,None
AB-793,J,G-PF3146-FTA57555,None
AB-794,J,H-Z14452-I,None
AB-795,J,H-M2867-S,None
AB-799,J,J2b-F24352-M,None
AB-804,J,L-M27-Y,None
AB-797,J,H-BY203296-D,None
AB-802,J,J1-Z640-BY211057-K,None
AB-800,J,J2a-L25-FT189425-E,None
AB-807,J,Q-Z36057-M,None
AB-805,J,Q-BZ4095-E,None
AB-806,J,Q-BZ4095-J,None
AB-803,J,L-M357-A,None
AB-808,"M,J",Q-F26062-R,None
AB-809,J,R1a-Z93-Z29081-E,None
AB-821,M,H-Y28212,None
AB-815,J,R1a-Z93-Y34256-M,None
AB-816,J,R1a-Z93-FT291373-E,None
AB-812,J,R2a-FTC47236-D,None
AB-814,J,R1a-Z93-YP527-Av,None
AB-810,J,R1a-Z93-Y34256-A,None
AB-818,A,E2-FT424222,None
AB-817,J,H-Z13661-D,None
AB-823,M,G-PF3146-S19852,None
AB-825,M,E1b-V12-FT284477-Z,None
AB-828,M,R1b-Z2103-FT209833-S,FT209833
AB-826,,E1b-M84-FT125325,None
AB-832,,J2b-L283-FT275227,None
AB-829,M,J1-YSC76?-L,None
AB-830,M,J2a-L26-Z6083,None
AB-834,M,J2a-M92-FT10690-M,None
AB-833,M,R1b-Z2103-FTA59777,None
AB-831,S,J2b-L283-FT22667,None
AB-827,,J2a-L26-BY72154,None
AB-835,M,J2a-L26-FT384703,None
AB-841,J,H-PH4549,None
AB-846,S,J1-YSC76-FT462090-G,None
AB-837,M,J2a-L26-Y14434-BY27461,None
AB-842,M,J2a-M92-BY100782,None
AB-844,S,R1b-Z2103-Y128782-A,None
AB-839,M,R1a-Z93-FTA78948,None
AB-847,M,E1b-V22-FTC17995,None
AB-836,M,R1b-Z2103-Y58371,None
AB-843,M,J2a-L25-Z44536,None
AB-840,M,G-M342-F4174,None
AB-848,S,I2-P37-PF6947-BY151272,None
AB-858,K,J2a-BY37800?-K2,None
AB-853,K,G-K,None
AB-854,K,E1b-V13-K,None
AB-850,K,J1-ZS2518-ZS5287,None
AB-852,,G-U1-Z2018,None
AB-855,K,J2a-K,None
AB-856,K,R1b-Z2103?-K,None
AB-860,,G-L30-FT209029,None
AB-857,K,R1b-Z2103?-K2,None
AB-861,,E1b-V22-FT192219,None
AB-864,S,R1b-U152-BY39448,None
AB-862,,J2a-Z39727,None
AB-868,,R1b-DF27-Y14050,None
AB-866,,E1b-Z841-Y4971,None
AB-869,,E1b-V22?-A,None
AB-870,,E1b-M2-P277-FT261836,None
AB-867,,T-P77-BY169165-S,None
AB-865,,J1-L860-FT357234,None
AB-863,,J1-L860-ZS7438-R,None
AB-872,,E1b-V13-BY204529-N,None
AB-873,,J2a-T,None
AB-876,A,E1b-V13-L17?-B,None
AB-871,,J2a-L26-FTF13782,None
AB-877,,L-L595-BY106184,None
AB-879,S,J1-YSC76-FT9678,None
AB-880,S,J1-YSC76-FGC8224-BY93,None
AB-878,,G-PF3146-H,None
AB-875,,R1b-Z2103-FT9973-M,None
AB-874,A,J2a-FT425368,None
AB-881,,O-M175,None

