AB-Group,Communities,Group,Final SNP,snp_verified
AB-001,"A,S",E1b-V22-BY7500,BY7517,False
AB-002,"A,S,I",E1b-V22-CTS3116,,False
AB-003,"A,S,I",E1b-V12-BY8528,BY8536,False
AB-004,A,E1b-V12-BY8430,Y32552,False
AB-005,"A,S",E1b-M84-Y14891,Y14891,False
AB-006,"A,K",E1b-M84-PF6748-BY11078,FGC32460,False
AB-007,"A,S,I",E1b-Z841-Y6923,Y6923,False
AB-008,A,E1b-Z830-PF1952-a,PF1952,False
AB-010,A,E1b-Z830-PF1975-Y36800,Y35934,False
AB-011,A,E1b-V13-L241-BY77657,Y142743,False
AB-013,"A,S",E1b-V13-BT4282,BY4288,False
AB-014,A,E1b-M81-A5604,Y161794,False
AB-015,"A,S",E1a-M44-Z17697,Z17697,False
AB-016,A,T-Y16897-BY11520,Y28685,False
AB-017,A,T-CTS8862,CTS8489,False
AB-018,"A,S",T-P77-PF4074,FGC30190,False
AB-020,A,T-P77-Y31474-Z41760,Y91965,False
AB-021,"A,S,I",T-L208-Z709-BY111898,Y125274,False
AB-022,"A,S,M,K,I,R,Y",J1-ZS227-S12192,Y3088,False
AB-027,A,J1-YSC76-FGC22294-ZS6484,ZS6485,False
AB-028,"A,S,I",J1-YSC76-F450-ZS6955,ZS1670,False
AB-030,"A,S,I",J1-Z18297-ZS2606,ZS2597,False
AB-031,A,J1-YSC76-L823-a,ZS4763,False
AB-033,"A,S,I,R",J1-L817-L816,L816,False
AB-034,"A,I",J1-Z640-FGC5206,FGC5215,False
AB-036,"A,S",J1-Z18297-ZS4292,Y6384,False
AB-037,A,J1-FGC11-ZS2102,ZS2102,False
AB-039,A,J1-PF7263-ZS10568,ZS10568,False
AB-040,A,J2a-M92-L556,L556,False
AB-041,"A,S",J2a-M92-SK1344-Y207583,Y207583,False
AB-042,A,J2a-M92-SK1344-FT253929,FT253929,False
AB-043,"A,K",J2a-M92-Z515-FGC75679,FGC75679,False
AB-044,"A,S",J2a-L210-Y15223,Y15223,False
AB-045,A,J2a-L70-PF5456,FGC21085,False
AB-046,A,J2a-L70-P244.2,P244,False
AB-047,"A,S,J",J2a-L25-FGC4992,FGC4975,False
AB-049,A,J2a-L25-Z38816,AM00119,False
AB-050,"A,I",J2a-M410-Z43501,Z43501,False
AB-051,A,J2b-L283-Y33795,Y33795,False
AB-052,"A,S",J2b-M102-Z43000,Z42983,False
AB-053,"A,S",G-M342-GG362,GG362,False
AB-054,A,G-M342-Z18606,Z18606,False
AB-055,A,G-M342-L201,L201,False
AB-056,A,G-M377,Y12975,False
AB-057,A,G-L30-BY83406,BY108114,False
AB-058,"A,S",G-L140-CTS5990-FGC249,FGC228,False
AB-059,"A,S,I",G-L140-CTS5990-Z43085,FGC58712,False
AB-060,A,G-Z6552-Z6673,FGC1114,False
AB-061,A,G-U1-L1264,Z44224,False
AB-062,A,G-L140-Z30527?,,False
AB-063,A,L-M349-FGC36841,FGC36841,False
AB-065,"A,K",Q-L245-Y2200,Y2200,False
AB-066,A,R1a-Z283-M12402,M12402,False
AB-067,A,R1a-Z93-M582,Y2619,False
AB-068,A,R1a-Z93-Z2123,Y342186,False
AB-069,"A,S,I",R1b-V88-FGC21004,FGC21016,False
AB-070,"A,S,I",R1b-Z2103-FGC14595,Y11410,False
AB-071,A,R1b-PF7562-A11711,A11720,False
AB-072,"A,S",R1b-Z2103-Y19847,Y19847,False
AB-073,"A,S",R1b-Z2103-FGC36766,FGC36766,False
AB-074,A,R1b-U152-BY187600,BY186940,False
AB-075,A,R1b-U152-L4-a,L4,False
AB-077,"A,S,I",R1b-DF27-FGC20761,V3476,False
AB-078,A,R1b-L21-Z18106,BY326,False
AB-079,A,R1b-U152-L408,Y22151,False
AB-080,"A,S,I",R1b-Z2103-Z2108,Y104180,False
AB-081,"A,S",R1b-U152-Y86521,Y101215,False
AB-082,A,R1b-DF27-FGC46538,FGC46541,False
AB-083,A,R2a-M124-L288,Y127102,False
AB-084,"A,S,I",R1b-U106-Ivanhoe,Y5051,False
AB-085,"A,S,M,J",R2a-F1092-FGC13211,FGC13184,False
AB-086,A,I1-Z140-Y12663,Y12663,False
AB-087,A,I2-P215,Y86519,False
AB-088,A,I2-M223-P78-Y52940,Y52940,False
AB-089,A,I2-P37-Y23115,Y23115,False
AB-090,"A,J",I2-P37-PF6950,BY18705,False
AB-091,"A,S,I",E1b-V12-FT284477-FT24270,Y29594,False
AB-092,"A,S,I",T-Y3836,Y3833,False
AB-093,A,T-P317,Y269895,False
AB-094,A,R1b-V1636-PF4354,BY90731,False
AB-095,A,E1b-M2-V1749-V2945,M4041,False
AB-096,S,E1b-V22-BY56101,L1250,False
AB-097,A,E1b-V13-Y142744,Y142744,False
AB-100,A,G-PF3146-FGC6713,Y171885,False
AB-101,"A,S",R1b-DF27-A5376,S16864,False
AB-103,"A,S",R1b-V88-PF6325,,False
AB-106,A,R1b-L11?-213128,,False
AB-107,"S,M",E1b-V22-FTB27637,,False
AB-108,S,E1b-V22-BY67435,,False
AB-109,S,E1b-V13-Z21371,PF6784,False
AB-110,M,E1b-M78-V1133-V4675,Y188009,False
AB-111,"S,R",E1b-Z841-Y4972,Y14802,False
AB-113,S,J1-Z640-FGC30554,FGC30554,False
AB-114,"A,S,I",J2a-M319-Y20891,Y23165,False
AB-115,S,J2a-L26-204156,,False
AB-116,A,J2a-CTS900-Y11860,Y96522,False
AB-120,S,G-PF3146-FGC2263,,False
AB-121,S,G-Z6552-FTE64653,BY116538,False
AB-122,"S,I",G-U1-Z29424,Y134554,False
AB-123,"S,M",G-U1-Z30718,FGC56982,False
AB-124,S,G-P303-M278,M278,False
AB-125,S,R1a-Z93-Y944-FTC87438,,False
AB-126,R,Q-L53-L330-Y146631,L330,False
AB-127,S,G-Z6552-Z17775,Z39928,False
AB-128,S,E1b-M81-A,,False
AB-130,S,R1a-Z93-Y15121,Y15121,False
AB-131,S,J2a-M319-N87830,,False
AB-132,Y,E1b-M84-PF6748?-218311,,False
AB-133,"A,S",E1b-M84-PF6748-BY11025,BY11014,False
AB-134,S,G-PF3146-FGC2315,Z12221,False
AB-135,M,J1-Z18297-ZS2566-ZS3736,Y23173,False
AB-136,S,J1-YSC76-ZS6056,ZS6056,False
AB-137,S,J2a-L25-FGC9961-Y213708,Y14696,False
AB-138,S,Q-L245-BZ3900,BZ3900,False
AB-139,M,R1b-Z2103-FTA79354,,False
AB-140,S,E1b-V12-CTS8411,CTS9507,False
AB-141,"S,I",E1b-V12-BY8508,BY8508,False
AB-143,S,G-L140-CTS5990-BY60982,,False
AB-144,A,E1b-M81?-M,,False
AB-145,A,R1b-L11?-192370,,False
AB-146,S,R1b-Z2103-Y19973,,False
AB-147,A,R1b-DF27-BY16148,BY16148,False
AB-148,S,R1b-DF27-BY33242,Y16854,False
AB-149,"A,S,I",R1b-Z2103-M12143,M12135,False
AB-150,S,J1-Z18297-FGC27989,FGC20891,False
AB-152,R,R1b-P312-29295,,False
AB-153,"A,S,J",J2b-L283-Z39653,Z39653,False
AB-155,G,E1b-V22-FGC62854,FGC62855,False
AB-156,A,E1b-V13-CTS5856-FGC91367,,False
AB-158,"S,K",E1b-M84-Y60961-S10483,Y60961,False
AB-159,S,E1b-M84-PF6748-FT240936,,False
AB-160,A,E1b-Z841-BY55895,Z21466,False
AB-161,A,T-P77-Y31474-BY39967,Y31474,False
AB-162,"S,R",T-L208-Y142466,BY28296,False
AB-163,"S,R",E1b-V13-S10743,,False
AB-168,S,J2a-M92-SK1344-FT450620,BY22506,False
AB-170,S,J2a-L70-Z435-Z45223,Z2177,False
AB-171,S,J2a-M319-FTA87010,PH314,False
AB-173,S,J2b-L283?-374521,,False
AB-174,A,R1a-Z93?-424726,,False
AB-176,S,R1b-DF27-FT143445,BY27831,False
AB-177,S,R1b-DF27-Y31337,Y31337,False
AB-178,A,R1b-U152-A7982,BY32273,False
AB-179,S,R1b-DF27-Y36406,Y27962,False
AB-180,S,J1-L620-Y244958,ZS6637,False
AB-181,"S,I",T-Y16247-E,Y16247,False
AB-182,S,T-221510,,False
AB-183,A,T-Y7459-157447,,False
AB-184,S,T-Y4984-Y61099,,False
AB-185,A,E1b-V13-FGC11444,,False
AB-186,S,E1b-M84?-209818,,False
AB-189,A,E1b-M81-BY205883,A2227,False
AB-190,S,E1b-V12-FTC87379,CTS6667,False
AB-191,"S,K",E1b-M84-FGC18401-M,FGC18401,False
AB-192,A,E1b-M84?-90530,,False
AB-194,S,E1b-V13-FTC71867,,False
AB-195,A,E1b-V65-N19276,,False
AB-196,S,E1b-V13?-192783,,False
AB-197,S,E1b-Z841-Z36120,,False
AB-198,M,T-Y139982,Y139975,False
AB-200,M,J1-YSC76-Y142210,Y142167,False
AB-202,S,G-L140-PF3346,,False
AB-205,S,J2a-L210-L227,,False
AB-206,S,J2a-M67-FT12718,BY51876,False
AB-207,S,J2a-L26-Y14434?-101347,,False
AB-209,S,J2a-L25-Z44158,FGC30343,False
AB-210,Y,J2b-183474,,False
AB-211,S,J2a-BY111118,,False
AB-212,S,Q-L245-YP745,Y87855,False
AB-213,S,Q-L245-Y2209,Y2209,False
AB-218,S,J2a-CTS900-CTS5796,Y129179,False
AB-219,"S,I",J2a-M92-SK1344?,,False
AB-220,S,T-Y4984-Y61099,Y4984,False
AB-222,S,T-CTS8603-529910,,False
AB-224,A,E1b-M84-FGC18401-FGC18371,FGC18369,False
AB-226,M,J1-FGC11-FGC3708-ZS3844,Y6369,False
AB-228,S,J2a-CTS900-FTF8525,,False
AB-229,S,E1b-V22-BY177919,,False
AB-230,S,R1b-DF27-Y14472,,False
AB-231,S,G-U1-Z6759,,False
AB-232,S,G-L497-FT240048,Z31846,False
AB-233,S,G-L30-FTB22561,,False
AB-234,S,J2b-L283-Y22038,Y22038,False
AB-235,S,L-M349-BY20692,BY20692,False
AB-236,"A,S",R1b-Z2103-Y84551,Y84551,False
AB-237,"A,S",E1b-V13-S24513,BY183690,False
AB-238,S,J2a-CTS900-FT245300,Y22041,False
AB-239,"A,S,I",J2a-L26-Z43986,Z43994,False
AB-240,S,J2a-Y29673,,False
AB-241,S,J1-Z1828,Z1828,False
AB-242,S,R1b-L21-FTC87474,,False
AB-243,S,E1b-V65-FTA81329,,False
AB-244,S,E1b-M84-FTB90247,,False
AB-245,S,E1b-M81-CTS12227-FTF10997,CTS12227,False
AB-246,S,E1b-M81-CTS12227,,False
AB-247,S,E1b-M81-FTF87328,,False
AB-248,S,E1b-V13-FT333503,BY4518,False
AB-249,S,E1b-V12-BY8430,,False
AB-250,S,E1b-CTS10880-FTF13720,,False
AB-251,S,G-L497-FGC60020,CTS4803,False
AB-253,S,J2a-L26-S15970,,False
AB-256,S,J1-YSC76-FGC8224-FT30333,Y204759,False
AB-257,S,J2a-M67-FTC51220,,False
AB-258,S,J2a-L26-FTD85966,,False
AB-259,S,J2a-BY189268,,False
AB-260,S,R1b-DF27-BY71846,,False
AB-261,S,R1b-DF27-BY53945,,False
AB-262,S,R1b-U152-BY38827,,False
AB-263,S,T-P77-FGC80980,,False
AB-267,S,R1b-DF27-FT240956,FT240956,False
AB-269,A,R1b-M269-M,,False
AB-270,"A,R",R1b-PF7562-FT107392,PF7563,False
AB-272,S,R1b-DF27?-T,,False
AB-273,S,R1b-DF27-SK1451,DF27,False
AB-274,S,J1-Z18297?-J,,False
AB-275,S,R2a-M124-FTC96253,,False
AB-276,S,E1b-V13-L17-BY5219?,L17,False
AB-278,A,J1-YSC76-ZS6063,Y3441,False
AB-280,S,L-B,,False
AB-281,A,E1b-V13?-P,,False
AB-284,S,E1b-V65-BY122991,,False
AB-285,S,E1b-V22-FT192512,,False
AB-288,S,G-PF3146?-C,,False
AB-289,S,G-PF3146-BY67619,BY151073,False
AB-290,A,I2-K,,False
AB-291,,I2-M223-L699-Y166757,S12195,False
AB-294,S,J1-L817-Y214565,Y214565,False
AB-296,S,J2a-L26-FTF8899,,False
AB-297,S,J2a-M92?-T,,False
AB-302,S,R1a-Z93?-M,,False
AB-303,A,R1b-Z2103-FT209833,Y64508,False
AB-304,S,R1b-U152-CTS278-Y132009,CTS278,False
AB-306,S,R1b-L21-BY142022,Y5833,False
AB-308,S,E1b-V12-FTF9810,,False
AB-309,S,G-Z6552-CTS1048-G,,False
AB-310,G,J2a-L26-PF5169-T,PF5169,False
AB-315,S,R1b-L21-BY13693,BY13693,False
AB-316,M,E1b-M84-S11387,S11387,False
AB-318,S,G-M342-FTF8537,,False
AB-319,"S,R",J2b-L283-BY64362,BY100002,False
AB-321,S,J1-ZS2518-BY81256-Ca,YP4763,False
AB-322,"S,Y",G-L30-FTD25607,,False
AB-324,A,R1a-Z93?-M,,False
AB-325,A,R1a-Z283-Y2915-A,,False
AB-327,A,R1a-Z283-N,,False
AB-328,A,R1a-Z283?-S,,False
AB-330,G,J2a-CTS900-Y27539,Y11200,False
AB-331,"S,I",J1-Z640-CTS4510,CTS4510,False
AB-332,S,R1b-L21-Y125246,Y125246,False
AB-334,R,J2a-PF5060,,False
AB-335,S,I2-FTA59595,,False
AB-336,S,E1b-FT266713,,False
AB-339,S,E1b-V12-FTC87569,,False
AB-340,S,G-L140-CTS5990-FGC7477,Z5856,False
AB-341,S,G-L140-CTS5990-FTF22782,,False
AB-343,S,E1b-V13?-L,,False
AB-344,A,J1-FGC11-S10340,Y10887,False
AB-345,"S,I",J1-PF4869-FT258271,FT121851,False
AB-346,S,J2a-L26-FGC57069,,False
AB-349,,L-Y16366,Y16366,False
AB-350,S,J1-PF4869-L829,L829,False
AB-352,S,J2a-M92-SK1344-BY194849,,False
AB-353,S,J2a-L26?-J,,False
AB-354,S,J2a-L26-FTB64321,,False
AB-355,S,J2b-L283-FTA38797,,False
AB-356,S,R1b-DF27-ZZ12_1,DF27,False
AB-357,S,R1a-Z93?-G,,False
AB-360,A,R1a-Z283?-Mar,,False
AB-361,S,G-L30-FT18827,F2214,False
AB-362,,E1b-M84-PF6748-Y130334,Y130334,False
AB-363,,R1b-Z2103?-Ma,,False
AB-364,S,R1a-Z283?-Sa,,False
AB-367,S,R1b-DF27-Z195-Z198-Co,,False
AB-370,M,J1-YSC76-FTF9916,,False
AB-371,S,R1b-V1636-BY202451,,False
AB-372,S,R1b-Al,,False
AB-374,S,J1-Z1842-C,,False
AB-375,A,G-U1-BY109806,BY109806,False
AB-377,A,E1b-Z841?-A,,False
AB-380,S,G-L30-FTA35613,,False
AB-381,S,R1b-Z2103-FTE23830,,False
AB-384,S,E1b-V65-HU159,,False
AB-385,S,J1-YSC76-FT272954,,False
AB-386,,J2a-L25-FGC53942,Y14700,False
AB-387,R,G-U1?-G,,False
AB-388,,G-U1?-D,,False
AB-391,S,R1b-DF27?-C,,False
AB-392,R,R1a-Z283-M,,False
AB-393,R,R1b-U152-PF6652,,False
AB-394,M,J1-FT96715,,False
AB-395,S,G-L30-Z45580,Y128712,False
AB-396,,G-L30-BY62172,M3302,False
AB-398,"S,K",E1b-V22-BY60777,,False
AB-399,,E1b-M84-B406,,False
AB-401,S,J2a-L70-PF5456-M,PF5456,False
AB-402,S,J2a-dS,,False
AB-403,S,J2a-B,,False
AB-404,,R1b-Z2103-FT183758,,False
AB-405,S,E1b-Z841-ZS8929.1,,False
AB-406,"S,R",E1b-M84-FT419961-FT420540,Y82779,False
AB-408,R,J1-Z18297-ZS2566-FTA92262,,False
AB-411,,J2b-FTE90075,,False
AB-412,S,G-U1-Z39806,,False
AB-413,,H-Y197055,M197,False
AB-415,,R1b-Z2103-BY45541,,False
AB-417,S,J1-YSC76-ZS6745-ZS6730,ZS6730,False
AB-418,,J2a-L26-FT81719-FT189989,Z8090,False
AB-419,S,E1b-V13-Z5016,,False
AB-421,M,J2a-PF5169-BY172026,BY37605,False
AB-422,S,J2b-L283?-B,,False
AB-423,S,R1b-L21-BY23442,,False
AB-424,S,Q-L245-YP1237,BZ3048,False
AB-425,A,R1b-P312?-G,,False
AB-426,S,J2a-M92-SK1344-BY22477-C,,False
AB-427,,J2a-L25-FTD38404,,False
AB-428,S,I2-M223-L699-PAGES00076,,False
AB-429,S,E1b-M84-FTF11144,,False
AB-430,,J1-ZS2652-FTA7432,ZS2652,False
AB-431,S,J2a-M92?-Y,,False
AB-432,"A,S",Q-L245-BZ15,BZ386,False
AB-434,,J1-FGC11-BY527,FT58245,False
AB-435,S,E1b-V22-BY7025,BY199237,False
AB-436,S,J2a-L26-BY199403,,False
AB-437,S,J2a-CTS900?-M,,False
AB-438,,G-L30-PF3369,,False
AB-439,S,E1b-Z841-Y16298,,False
AB-440,,J2a-BY132153,,False
AB-441,S,L-R,,False
AB-442,S,E1b-PF2431-PF2440,,False
AB-443,"M,I,Y",E1b-M84-PF6748-FTF9063,,False
AB-444,S,T-BY98240,,False
AB-446,S,Q-FTA20324,,False
AB-447,S,R1b-PH155-FTD20079,,False
AB-448,S,L-FT368561,,False
AB-451,M,R1a-Z93?-N,,False
AB-452,,R1b-Z2103-BY11732,,False
AB-455,S,J2a-M410-BY71602,PF4993,False
AB-456,,E1b-V12-FT243076,,False
AB-457,S,E1b-V65?-E,,False
AB-458,"A,S",J2a-M92-FGC63035,FGC63035,False
AB-459,S,J2a-L26-FGC15920,,False
AB-461,S,J1-Z18297-FT280695,,False
AB-462,S,R1b-Z2103-B7,,False
AB-463,R,J2a-M67-BY143339,,False
AB-464,S,G-PF3146-BY110600,,False
AB-467,S,J2a-FTC30107,,False
AB-468,"S,Y",R1a-Z93-FTC87349,,False
AB-469,M,E1a-M44-BY184211,M44,False
AB-470,M,J2a-FT203952,Y25793,False
AB-471,S,T-FGC40313,,False
AB-472,S,R1a-YP1272,,False
AB-473,,R1b-Z2103-Y36455,,False
AB-474,S,T-P77-CTS6280,,False
AB-476,,E1b-V13-L17-BY5219,,False
AB-480,S,J2a-L70-M318-PH3064,Z39271,False
AB-481,,T-P77-FTE89318,,False
AB-482,A,T-L208-Y22559,Y22559,False
AB-484,S,E1b-M84-BY10862,,False
AB-487,M,E1b-V12-FT264693,,False
AB-490,S,E1b-M78-V1133-FTD42971,,False
AB-493,M,G-U1-Z6414-BY47669,,False
AB-494,S,G-L140-FTB28416,,False
AB-495,M,G-L497-FT21948,,False
AB-496,M,G-L140-BY66448,,False
AB-497,S,G-U1-L1266-FTC87847,,False
AB-498,S,R1a-Z93-Y944-B130,,False
AB-499,,R1a-Z283?-E,,False
AB-500,,R2a-FGC65158,,False
AB-501,,J1-L620-Y244958-FTC72026,,False
AB-502,S,J2a-M92-SK1344-BY22506,,False
AB-503,,J2a-M319-Y5007-Y5177,,False
AB-505,S,J2a-M67-Y144545,,False
AB-506,,J2a-L70-FT100592,,False
AB-507,,J2a-L25-Z7700,F3133,False
AB-508,,R1b-L21-DF41-S,,False
AB-509,S,R1b-DF27-FT62809,Y58993,False
AB-510,A,R1b-P312?-K,,False
AB-512,S,R1b-DF27-BY106001,,False
AB-513,S,R1b-U152?-N,,False
AB-514,,R1b-Z2103-Y168245,Y168245,False
AB-515,,R1b-Z2103-FT246341,,False
AB-517,S,E1b-V12-BY184316,,False
AB-518,S,J2a-M319-PH32,,False
AB-519,S,J1-Z640-Z2285,FGC64266,False
AB-521,S,J2a-L26-FT224435,FGC15923,False
AB-523,S,G-PF3146-BY110600,,False
AB-525,,R1a-Z93-FT40939,,False
AB-526,Y,E1b-M84-BY163402,,False
AB-527,S,E1b-V65-BY8823-PF2282,BY8823,False
AB-528,S,E1b-M81-MZ244,MZ244,False
AB-529,S,E1b-BY36852,,False
AB-530,M,J1-Z1828-ZS10891,,False
AB-531,,J2a-M319-S18579,,False
AB-532,,J2a-L26-FT224435,,False
AB-533,"S,Y",R1b-DF27-Y23968,Y23968,False
AB-534,M,R1b-Z2103-Y84551,,False
AB-535,S,R1b-Z2103?-P,,False
AB-536,S,R1b-V1636-BY184844,,False
AB-537,A,E1b-M84-PF6748-BY188881,Y83770,False
AB-539,M,J1-Z18297-ZS11565,,False
AB-540,S,J2a-PF5169-FT173878,,False
AB-542,S,J2a-L24-FT74299,FGC30299,False
AB-543,M,T-P77-Y23857,,False
AB-544,S,E1b-M84-BY181763,,False
AB-545,S,E1b-M81-A2227,,False
AB-546,S,E1b-V13-A9479,,False
AB-547,M,E1b-M84?-K,,False
AB-548,S,E1b-V22-FT197517,BY6865,False
AB-549,S,J2a-M319-FT96382,Y20889,False
AB-552,S,J2a-M319-BY74998,,False
AB-553,S,J2b-L283-Z597-FT107678,Z597,False
AB-556,S,T-P77-BY88022,FT64181,False
AB-557,A,R1b-U106-FT26429,,False
AB-559,Y,J1-FGC11-FT345374,,False
AB-561,S,E1b-M84-FGC18401-DC783,Y141288,False
AB-564,M,E1b-M84?-S,,False
AB-565,S,G-L140-FT159310,,False
AB-566,R,T-P77-FT97356,,False
AB-567,S,R1a-Z283-BY57280,,False
AB-568,M,J1-Z1828-FTA82947,,False
AB-569,S,J2a-L26-Y31951,,False
AB-570,S,J2a-L25-FT391524,Y197827,False
AB-571,S,J2a-L25-FGC35489,,False
AB-572,S,J2a-L70-Z435-FT91593,,False
AB-573,S,J2a-M319-FTF10690,,False
AB-576,S,J2a-L70-PF5456-FTF8849,,False
AB-577,M,E1b-M84-BY11043,,False
AB-581,S,J2a-L25-Z41082,,False
AB-583,R,R1b-PF7562-FT61494,,False
AB-585,S,R1b-DF27-FTF8622,,False
AB-587,,E1b-M84?-K,,False
AB-591,S,J2a-L25-FTE23445,,False
AB-592,S,J2a-L26-BY32946,,False
AB-593,S,E1b-V12-CTS6667-E,,False
AB-594,S,J1-FGC11-BY136-Y85275,,False
AB-595,R,J1-Z1874,,False
AB-596,R,J2a-FT65301,,False
AB-599,S,R1b-Z2103-FTF75955,,False
AB-600,S,R1b-PF7589-CTS5940,,False
AB-602,R,E1b-V22-FT178335,,False
AB-603,S,T-P77-Y4958-Y297448,,False
AB-604,M,T-P77-CTS6901,,False
AB-605,M,T-P77-CTS6507-H,,False
AB-606,R,E1b-M84-FT419961-FTB50779,,False
AB-607,S,E1b-V13-FT276573,,False
AB-609,,J2a-L26-FT69412,,False
AB-611,S,R1b-Z2103-FTE87643,,False
AB-612,S,R1b-DF27-BY30359,,False
AB-614,M,T-Z19935,,False
AB-615,S,J2a-L26-FT391661,PF5197,False
AB-618,S,L-FT147200,,False
AB-619,"M,Y",T-A,,False
AB-621,S,R1b-DF27-BY834,,False
AB-622,S,E1b-BY141719,,False
AB-623,S,E1b-V65-BY8789,,False
AB-624,S,E1b-M84-BY10890,,False
AB-625,S,J1-D,,False
AB-626,Y,J1-FGC11-FT61401,FT61401,False
AB-627,A,N-L1027,L1027,False
AB-628,S,R1b-DF27-C133904,,False
AB-629,S,J2a-L26-Y197867,,False
AB-630,S,E1b-V13-FTD34485,,False
AB-632,S,E1b-SK863,,False
AB-633,,J2b-M102-PH563,,False
AB-634,,E1b-Z841-FTA3971,,False
AB-635,,E1b-MF83228-N,,False
AB-636,Y,J1-BY38068,,False
AB-637,S,J2a-L25-FT238962,Z43321,False
AB-638,S,T-P,,False
AB-640,,J2a-L26-PF7421-Y31951,,False
AB-643,M,R1a-Z93-FT451084-T,,False
AB-645,,E1b-V13-Z16242,,False
AB-646,M,J2a-M319-Y5007-FT200571,Y5178,False
AB-647,M,J2a-PF5169-FT173878-M,,False
AB-648,S,H-Z44607,,False
AB-649,Y,Q-BZ4505,Y37884,False
AB-650,,J1-FGC11-FTC93568,,False
AB-651,J,J2b-M205-Y263419,,False
AB-652,S,J1-FGC11-FGC19545,Y6370,False
AB-656,S,J2a-L26-PF7415,PF7415,False
AB-657,M,E1b-V13-FT308769,,False
AB-658,S,E1b-V13-FT115151,,False
AB-663,S,I2-P37-BY16213,,False
AB-665,S,T-BY56427,,False
AB-666,M,T-FGC40334,,False
AB-667,R,J2a-M92-FT213968,,False
AB-668,S,J2a-L26-FTC20007,,False
AB-669,M,J1-YSC76-Z27226,Z27216,False
AB-670,S,E1b-CTS10880-FT18871,,False
AB-671,A,R1b-U152-BY32257-sub,BY32273,False
AB-672,R,J2a-L26-PH4970,,False
AB-674,S,L-M349-BY106634,,False
AB-677,S,J2a-L26-FT286033,,False
AB-678,S,J2a-M319-Y5007-FGC17726,Y5178,False
AB-680,S,T-P77-FGC48930,,False
AB-681,R,E1b-V13-FT352099,,False
AB-682,S,R1b-U106-Y15893,,False
AB-684,A,J2a-L26?-Z6057questionmark-D,,False
AB-685,S,J2a-CTS900-Y25842,,False
AB-686,S,J2a-M319-Y5007-Y69687,,False
AB-687,S,G-L140-PF3345,,False
AB-688,S,E1b-PF2431-BY9838,,False
AB-690,S,T-FTC15458,,False
AB-691,S,J2a-M92-SK1344-Z36894,,False
AB-693,Y,J2a-M67-FT213749,,False
AB-694,,J2a-L25-FTD74269,,False
AB-695,,G-U1-Z6414,,False
AB-696,,E1b-V12-F25608,,False
AB-698,S,R1b-Z2103-FTC19846,,False
AB-700,S,R1b-PF7562-FTE55255,,False
AB-701,S,E1b-M81?-A,,False
AB-702,Y,E1b-V12-V32-BY97405,,False
AB-703,M,J2a-L26?-Z,,False
AB-706,,R1b-P312?-S,,False
AB-707,S,E1b-M81-Y23468,,False
AB-708,S,R1b-A8053-FT19913,FGC57291,False
AB-709,S,I2-M223-P78-A427,,False
AB-710,S,H-Z41306,,False
AB-711,S,I2-M223-CTS6433-PH5288,,False
AB-712,S,G-L30-FTB62856-T,,False
AB-714,S,J2a-L25-BY57138,Y151116,False
AB-716,S,G-U1-L1266-B,,False
AB-717,S,R1b-PF7589-Y40119,,False
AB-718,S,J1-PF7263-BY38105,BY45309,False
AB-719,S,R1b-DF27-ZZ12_1-FGC78762,,False
AB-720,S,R1b-Z2103-FTA70356,,False
AB-722,S,T-P77-CTS6507-HU354,,False
AB-723,,E1b-M84-FT278388,,False
AB-724,S,G-PF3146-Y240466,,False
AB-725,S,Q-L245-BZ246,,False
AB-726,S,R1b-U106-FTE23324-B,,False
AB-727,S,E1b-V13-BY3880,,False
AB-729,,R1b-DF27-BY71481,,False
AB-733,J,G-L140-FTC88333,,False
AB-734,J,H-Z5889,,False
AB-735,A,R1a-Z283-P278-S,,False
AB-736,Y,G-L30-FT56736,M3302,False
AB-737,A,R1b-U152-BY62355-sub,,False
AB-738,R,J2b-L283-BY101837,,False
AB-739,S,G-L140-CTS5990-Z3292,Y65,False
AB-740,S,J2a-M92-SK1344-FTB97281,,False
AB-741,S,J2a-BY74709,,False
AB-742,M,J2a-L26-FT178188,,False
AB-743,S,E1b-M81-BY193345,,False
AB-744,S,J1-Z640-FGC62623,,False
AB-745,S,J1-Z1828-L1189-ZS5318,,False
AB-746,S,J2a-L70-Z435-Y416681,,False
AB-747,S,E1b-M81-FTB34423,,False
AB-748,Y,E1b-V12-BY8513-S,,False
AB-749,S,E1b-V13-BY6056-I,,False
AB-750,S,E1b-M81-Y141522,,False
AB-751,S,J2a-L26-PF7421-Y31951,,False
AB-752,Y,E1b-CTS10880-V6-C,,False
AB-754,S,R1b-PF7562-BY16680-P,,False
AB-755,S,R1b-DF27-Y26643,,False
AB-757,S,T-FGC41015,,False
AB-758,S,J1-Z18297-ZS3758,,False
AB-759,M,R1a-Z93-FTA78948,,False
AB-762,S,G-L140-Y29434,,False
AB-763,,J1-YSC76-FT104442,,False
AB-764,J,R1a-Y5-V4683,,False
AB-766,S,J1-YSC76-FTD41224,,False
AB-767,S,J2a-M67-CTS6804-BY50894,,False
AB-768,S,N-FT148259,,False
AB-769,S,J2a-L70-Z435-Z46113,,False
AB-770,S,E1b-V13-FTB34355,,False
AB-771,S,E1b-Z841-FTA4830,,False
AB-772,"S,Y",R1b-Z2103-FT280556,,False
AB-773,M,T-FTD8798,,False
AB-774,S,G-L30-M3336,,False
AB-775,,J2a-L26-FT81719-BY188143,,False
AB-776,,J2a-L25-FTA1412,,False
AB-777,,J2b-M102-Z43618,,False
AB-779,,R1b-Z2103-FGC36747,,False
AB-780,,E1b-V22-FT407404,,False
AB-781,,E1b-V22-BY6800,,False
AB-783,K,G-L140-S10654,,False
AB-784,K,J2a-CTS900-H,,False
AB-785,,E1b-Z841-FT209004,,False
AB-787,S,J2b-L283-FT103684,,False
AB-789,,J1-FGC11-FTE12635-S,,False
AB-790,J,C-PH407-BY19776?-Y,,False
AB-791,J,C-PH407-BY19776?-A,,False
AB-792,J,G-P303-SK1163,,False
AB-793,J,G-PF3146-FTA57555,,False
AB-794,J,H-Z14452-I,,False
AB-795,J,H-M2867-S,,False
AB-797,J,H-BY203296-D,,False
AB-799,J,J2b-F24352-M,,False
AB-800,J,J2a-L25-FT189425-E,,False
AB-802,J,J1-Z640-BY211057-K,,False
AB-803,J,L-M357-A,,False
AB-804,J,L-M27-Y,,False
AB-805,J,Q-BZ4095-E,,False
AB-806,J,Q-BZ4095-J,,False
AB-807,J,Q-Z36057-M,,False
AB-808,"M,J",Q-F26062-R,,False
AB-809,J,R1a-Z93-Z29081-E,,False
AB-810,J,R1a-Z93-Y34256-A,,False
AB-812,J,R2a-FTC47236-D,,False
AB-814,J,R1a-Z93-YP527-Av,,False
AB-815,J,R1a-Z93-Y34256-M,,False
AB-816,J,R1a-Z93-FT291373-E,,False
AB-817,J,H-Z13661-D,,False
AB-818,A,E2-FT424222,,False
AB-821,M,H-Y28212,,False
AB-823,M,G-PF3146-S19852,,False
AB-825,M,E1b-V12-FT284477-Z,,False
AB-826,,E1b-M84-FT125325,,False
AB-827,,J2a-L26-BY72154,,False
AB-828,M,R1b-Z2103-FT209833-S,FT209833,False
AB-829,M,J1-YSC76?-L,,False
AB-830,M,J2a-L26-Z6083,,False
AB-831,S,J2b-L283-FT22667,,False
AB-832,,J2b-L283-FT275227,,False
AB-833,M,R1b-Z2103-FTA59777,,False
AB-834,M,J2a-M92-FT10690-M,,False
AB-835,M,J2a-L26-FT384703,,False
AB-836,M,R1b-Z2103-Y58371,,False
AB-837,M,J2a-L26-Y14434-BY27461,,False
AB-839,M,R1a-Z93-FTA78948,,False
AB-840,M,G-M342-F4174,,False
AB-841,J,H-PH4549,,False
AB-842,M,J2a-M92-BY100782,,False
AB-843,M,J2a-L25-Z44536,,False
AB-844,S,R1b-Z2103-Y128782-A,,False
AB-846,S,J1-YSC76-FT462090-G,,False
AB-847,M,E1b-V22-FTC17995,,False
AB-848,S,I2-P37-PF6947-BY151272,,False
AB-850,K,J1-ZS2518-ZS5287,,False
AB-852,,G-U1-Z2018,,False
AB-853,K,G-K,,False
AB-854,K,E1b-V13-K,,False
AB-855,K,J2a-K,,False
AB-856,K,R1b-Z2103?-K,,False
AB-857,K,R1b-Z2103?-K2,,False
AB-858,K,J2a-BY37800?-K2,,False
AB-860,,G-L30-FT209029,,False
AB-861,,E1b-V22-FT192219,,False
AB-862,,J2a-Z39727,,False
AB-863,,J1-L860-ZS7438-R,,False
AB-864,S,R1b-U152-BY39448,,False
AB-865,,J1-L860-FT357234,,False
AB-866,,E1b-Z841-Y4971,,False
AB-867,,T-P77-BY169165-S,,False
AB-868,,R1b-DF27-Y14050,,False
AB-869,,E1b-V22?-A,,False
AB-870,,E1b-M2-P277-FT261836,,False
AB-871,,J2a-L26-FTF13782,,False
AB-872,,E1b-V13-BY204529-N,,False
AB-873,,J2a-T,,False
AB-874,A,J2a-FT425368,,False
AB-875,,R1b-Z2103-FT9973-M,,False
AB-876,A,E1b-V13-L17?-B,,False
AB-877,,L-L595-BY106184,,False
AB-878,,G-PF3146-H,,False
AB-879,S,J1-YSC76-FT9678,,False
AB-880,S,J1-YSC76-FGC8224-BY93,,False
AB-881,,O-M175,,False
